as_of,evaluated_at,theme,proxy_ticker,proxy_name,style,risk_level,score,direction_rank,direction_action,etf_action,predicted_signal,price_t0,price_t1,benchmark_price_t0,benchmark_price_t1,benchmark_1d_return,actual_1d_return,actual_excess_return,actual_excess_universe,actual_excess_benchmark,actual_rank,hit,loss,return_5d,return_20d,return_60d,volume_ratio,sma_20_gap_pct,drawdown_60d_pct,volatility_20d,evaluated_at_5d,price_t5,benchmark_price_t5,benchmark_5d_return,actual_5d_return,actual_excess_5d,actual_excess_universe_5d,actual_excess_benchmark_5d,actual_rank_5d,hit_5d,loss_5d,evaluated_at_10d,price_t10,benchmark_price_t10,benchmark_10d_return,actual_10d_return,actual_excess_10d,actual_excess_universe_10d,actual_excess_benchmark_10d,actual_rank_10d,hit_10d,loss_10d,evaluated_at_20d,price_t20,benchmark_price_t20,benchmark_20d_return,actual_20d_return,actual_excess_20d,actual_excess_universe_20d,actual_excess_benchmark_20d,actual_rank_20d,hit_20d,loss_20d
2026-05-28,,芯片,159995,芯片ETF华夏,tech,high,71,1,暂缓,等回调,0.0,2.6380,,4098.6358,,,,,,,,,,6.4998,31.5055,34.4546,1.1808,11.4703,-3.2637,3.2358,2026-06-04,2.5320,4057.2661,-1.0094,-4.0182,-3.2386,-3.3624,-3.0088,16,0,0.2556,,,,,,,,,,,,,,,,,,,,,,
2026-05-28,,创业板50,159949,创业板50ETF华安,broad_growth,high,71,2,重点跟踪,持有观察,0.3,1.9660,,4098.6358,,,,,,,,,,6.8478,12.4714,27.0026,1.0894,5.0607,0.0000,1.7748,2026-06-04,1.9920,4057.2661,-1.0094,1.3225,2.1021,1.9783,2.3318,5,1,0.0395,,,,,,,,,,,,,,,,,,,,,,
2026-05-28,,人工智能,159819,人工智能ETF易方达,tech,high,69,3,重点跟踪,持有观察,0.3,2.0040,,4098.6358,,,,,,,,,,3.8342,14.1230,24.2405,0.9199,3.4563,-2.4818,2.2189,2026-06-04,2.0230,4057.2661,-1.0094,0.9481,1.7277,1.6039,1.9575,7,1,0.0531,,,,,,,,,,,,,,,,,,,,,,
2026-05-28,,通信,515880,通信ETF国泰,tech,medium,68,4,暂缓,等回调,0.0,1.5650,,4098.6358,,,,,,,,,,8.6806,15.4982,42.6618,1.0068,6.2422,0.0000,2.5002,2026-06-04,1.7030,4057.2661,-1.0094,8.8179,9.5975,9.4737,9.8272,2,0,0.2500,,,,,,,,,,,,,,,,,,,,,,
2026-05-28,,机器人,562500,机器人ETF华夏,advanced_manufacturing,high,68,5,重点跟踪,持有观察,0.3,1.1520,,4098.6358,,,,,,,,,,-2.9486,11.5198,6.1751,1.0996,1.2124,-5.2632,1.9060,2026-06-04,1.1310,4057.2661,-1.0094,-1.8229,-1.0433,-1.1671,-0.8136,11,0,0.2358,,,,,,,,,,,,,,,,,,,,,,
2026-05-28,,半导体,512480,半导体ETF国联安,tech,high,66,6,暂缓,等回调,0.0,2.2920,,4098.6358,,,,,,,,,,7.5047,30.5983,36.0237,1.0796,11.2082,-2.3850,3.1348,2026-06-04,2.1960,4057.2661,-1.0094,-4.1885,-3.4089,-3.5326,-3.1791,17,0,0.2093,,,,,,,,,,,,,,,,,,,,,,
2026-05-28,,光伏,515790,光伏ETF华泰柏瑞,growth,high,58,7,观察,持有观察,0.3,1.1180,,4098.6358,,,,,,,,,,2.2873,6.1728,-1.5845,0.8478,1.1994,-5.4945,1.4616,2026-06-04,1.0670,4057.2661,-1.0094,-4.5617,-3.7821,-3.9059,-3.5524,19,0,0.4656,,,,,,,,,,,,,,,,,,,,,,
2026-05-28,,煤炭,515220,煤炭ETF国泰,resource,medium,55,8,轻跟踪,暂不配置,-0.3,1.2580,,4098.6358,,,,,,,,,,5.7143,0.3190,4.6589,0.8915,0.9145,-5.7678,2.0441,2026-06-04,1.4290,4057.2661,-1.0094,13.5930,14.3726,14.2488,14.6024,1,0,0.5275,,,,,,,,,,,,,,,,,,,,,,
2026-05-28,,红利低波,512890,红利低波ETF华泰柏瑞,dividend,low,52,9,轻跟踪,暂不配置,-0.3,1.1460,,4098.6358,,,,,,,,,,-1.2920,-3.6165,-2.2184,0.9695,-2.0513,-5.2893,0.3778,2026-06-04,1.1610,4057.2661,-1.0094,1.3089,2.0885,1.9647,2.3183,6,0,0.1984,,,,,,,,,,,,,,,,,,,,,,
2026-05-28,,计算机,159998,计算机ETF天弘,tech,high,49,10,暂缓,暂不配置,-0.3,1.0380,,4098.6358,,,,,,,,,,-2.8999,-3.7106,-6.9892,0.9469,-5.8589,-10.9777,2.1757,2026-06-04,1.0090,4057.2661,-1.0094,-2.7938,-2.0143,-2.1380,-1.7845,12,1,0.0263,,,,,,,,,,,,,,,,,,,,,,
2026-05-28,,消费,159928,消费ETF汇添富,consumer,medium,49,11,暂缓,暂不配置,-0.3,0.6720,,4098.6358,,,,,,,,,,-2.6087,-8.0711,-13.2903,1.1971,-5.5716,-14.9367,0.8128,2026-06-04,0.6600,4057.2661,-1.0094,-1.7857,-1.0061,-1.1299,-0.7764,9,1,0.0056,,,,,,,,,,,,,,,,,,,,,,
2026-05-28,,新能源车,515030,新能源车ETF华夏,growth,high,49,12,暂缓,暂不配置,-0.3,1.9740,,4098.6358,,,,,,,,,,-2.5666,-4.9133,4.0042,0.8112,-4.7366,-10.3542,1.8977,2026-06-04,1.8850,4057.2661,-1.0094,-4.5086,-3.7290,-3.8528,-3.4993,18,1,0.0953,,,,,,,,,,,,,,,,,,,,,,
2026-05-28,,银行,512800,银行ETF华宝,dividend,low,48,13,暂缓,暂不配置,-0.3,0.7640,,4098.6358,,,,,,,,,,-0.9079,-4.5000,-1.1643,0.7497,-1.9759,-5.4455,0.4835,2026-06-04,0.7750,4057.2661,-1.0094,1.4398,2.2194,2.0956,2.4491,4,0,0.2045,,,,,,,,,,,,,,,,,,,,,,
2026-05-28,,有色金属,512400,有色金属ETF南方,resource,medium,47,14,暂缓,暂不配置,-0.3,1.9820,,4098.6358,,,,,,,,,,1.7976,-5.3938,-17.7593,1.0333,-5.0402,-20.6565,2.5185,2026-06-04,1.9680,4057.2661,-1.0094,-0.7064,0.0732,-0.0505,0.3030,8,0,0.1292,,,,,,,,,,,,,,,,,,,,,,
2026-05-28,,酒,512690,酒ETF鹏华,consumer,medium,47,15,暂缓,暂不配置,-0.3,0.4440,,4098.6358,,,,,,,,,,-2.2026,-7.8838,-15.5894,1.1219,-4.0622,-14.4509,1.1518,2026-06-04,0.4360,4057.2661,-1.0094,-1.8018,-1.0222,-1.1460,-0.7924,10,1,0.0054,,,,,,,,,,,,,,,,,,,,,,
2026-05-28,,医疗器械,159883,医疗器械ETF永赢,healthcare,medium,45,16,暂缓,暂不配置,-0.3,0.4570,,4098.6358,,,,,,,,,,-2.7660,-4.7917,-11.2621,0.7670,-3.9613,-9.6838,0.9560,2026-06-04,0.4390,4057.2661,-1.0094,-3.9387,-3.1592,-3.2829,-2.9294,14,1,0.0073,,,,,,,,,,,,,,,,,,,,,,
2026-05-28,,创新药,159992,创新药ETF银华,healthcare,high,43,17,暂缓,暂不配置,-0.3,0.7520,,4098.6358,,,,,,,,,,-5.1702,-9.0689,-8.5158,0.8172,-6.6998,-13.6625,1.2769,2026-06-04,0.7220,4057.2661,-1.0094,-3.9894,-3.2098,-3.3335,-2.9800,15,1,0.0080,,,,,,,,,,,,,,,,,,,,,,
2026-05-28,,军工,512710,军工龙头ETF富国,advanced_manufacturing,high,42,18,暂缓,暂不配置,-0.3,0.7190,,4098.6358,,,,,,,,,,-2.0436,-7.3454,-18.8488,0.8498,-5.8223,-22.1861,1.9445,2026-06-04,0.6840,4057.2661,-1.0094,-4.8679,-4.0883,-4.2120,-3.8585,20,1,0.0503,,,,,,,,,,,,,,,,,,,,,,
2026-05-28,,黄金,518880,黄金ETF华安,macro,medium,40,19,暂缓,暂不配置,-0.3,9.1390,,4098.6358,,,,,,,,,,-3.2910,-7.6589,-16.4090,0.6841,-4.8596,-19.9527,1.0323,2026-06-04,9.2930,4057.2661,-1.0094,1.6851,2.4647,2.3409,2.6944,3,0,0.2164,,,,,,,,,,,,,,,,,,,,,,
2026-05-28,,游戏,516010,游戏ETF国泰,media,high,37,20,暂缓,暂不配置,-0.3,1.1390,,4098.6358,,,,,,,,,,-5.5556,-10.5263,-24.4194,0.7771,-9.3550,-21.9863,1.6614,2026-06-04,1.1020,4057.2661,-1.0094,-3.2485,-2.4689,-2.5926,-2.2391,13,1,0.0012,,,,,,,,,,,,,,,,,,,,,,
2026-06-01,2026-06-02,通信,515880,通信ETF国泰,tech,medium,77,1,重点跟踪,可小幅加仓,1.0,1.5320,1.6280,4057.7400,4078.4397,0.5101,6.2663,5.6930,5.6590,5.7562,1,1,0.0000,-1.9206,15.3614,41.5896,1.1221,2.1947,-5.3737,2.8402,2026-06-08,1.6010,3959.3400,-2.4250,4.5039,7.5423,7.8726,6.9289,2,1,0.0132,,,,,,,,,,,,,,,,,,,,,,
2026-06-01,2026-06-02,创业板50,159949,创业板50ETF华安,broad_growth,high,76,2,重点跟踪,可小幅加仓,1.0,1.9180,1.9790,4057.7400,4078.4397,0.5101,3.1804,2.6071,2.5731,2.6703,3,1,0.0174,-0.8786,8.6686,27.1040,1.3550,1.3100,-4.2436,1.8607,2026-06-08,1.8520,3959.3400,-2.4250,-3.4411,-0.4027,-0.0724,-1.0161,9,0,0.7242,,,,,,,,,,,,,,,,,,,,,,
2026-06-01,2026-06-02,芯片,159995,芯片ETF华夏,tech,high,72,3,重点跟踪,持有观察,0.3,2.3570,2.4150,4057.7400,4078.4397,0.5101,2.4608,1.8874,1.8534,1.9506,5,1,0.0534,-13.5680,19.6447,28.9387,1.0943,-2.2560,-13.5680,3.8015,2026-06-08,2.2930,3959.3400,-2.4250,-2.7153,0.3231,0.6534,-0.2903,8,1,0.0816,,,,,,,,,,,,,,,,,,,,,,
2026-06-01,2026-06-02,半导体,512480,半导体ETF国联安,tech,high,71,4,重点跟踪,持有观察,0.3,2.0460,2.0940,4057.7400,4078.4397,0.5101,2.3460,1.7727,1.7387,1.8359,6,1,0.0475,-12.8620,18.1293,31.2380,1.0473,-2.4809,-12.8620,3.7399,2026-06-08,1.9950,3959.3400,-2.4250,-2.4927,0.5457,0.8760,-0.0677,7,1,0.0514,,,,,,,,,,,,,,,,,,,,,,
2026-06-01,2026-06-02,人工智能,159819,人工智能ETF易方达,tech,high,71,5,重点跟踪,持有观察,0.3,1.9160,1.9740,4057.7400,4078.4397,0.5101,3.0271,2.4538,2.4198,2.5170,4,1,0.0671,-6.7640,10.1149,24.8208,0.9863,-2.2374,-6.7640,2.4573,2026-06-08,1.8760,3959.3400,-2.4250,-2.0877,0.9507,1.2810,0.3373,6,1,0.0194,,,,,,,,,,,,,,,,,,,,,,
2026-06-01,2026-06-02,机器人,562500,机器人ETF华夏,advanced_manufacturing,high,63,6,观察,持有观察,0.3,1.1020,1.1250,4057.7400,4078.4397,0.5101,2.0871,1.5138,1.4798,1.5770,7,1,0.0236,-9.3750,7.9334,9.1089,1.0168,-4.0237,-9.3750,2.1011,2026-06-08,1.1680,3959.3400,-2.4250,5.9891,9.0275,9.3578,8.4141,1,1,0.1225,,,,,,,,,,,,,,,,,,,,,,
2026-06-01,2026-06-02,红利低波,512890,红利低波ETF华泰柏瑞,dividend,low,56,7,轻跟踪,暂不配置,-0.3,1.1810,1.1800,4057.7400,4078.4397,0.5101,-0.0847,-0.6580,-0.6920,-0.5948,12,1,0.0674,2.5174,-1.1715,-1.2542,1.0972,1.1173,-2.3967,0.6696,2026-06-08,1.1650,3959.3400,-2.4250,-1.3548,1.6836,2.0139,1.0702,5,0,0.1809,,,,,,,,,,,,,,,,,,,,,,
2026-06-01,2026-06-02,煤炭,515220,煤炭ETF国泰,resource,medium,56,8,暂缓,减仓提醒,-1.0,1.3690,1.3390,4057.7400,4078.4397,0.5101,-2.1914,-2.7647,-2.7987,-2.7015,19,1,0.1463,12.3974,3.7121,6.7030,1.1242,9.6955,0.0000,2.4087,2026-06-08,1.3890,3959.3400,-2.4250,1.4609,4.4993,4.8296,3.8859,3,0,1.0478,,,,,,,,,,,,,,,,,,,,,,
2026-06-01,2026-06-02,银行,512800,银行ETF华宝,dividend,low,55,9,轻跟踪,暂不配置,-0.3,0.7850,0.7890,4057.7400,4078.4397,0.5101,0.5096,-0.0638,-0.0978,-0.0006,9,1,0.0194,2.3468,-1.8750,0.1276,1.0624,1.0101,-2.8465,0.7404,2026-06-08,0.7890,3959.3400,-2.4250,0.5096,3.5480,3.8783,2.9345,4,0,0.2768,,,,,,,,,,,,,,,,,,,,,,
2026-06-01,2026-06-02,消费,159928,消费ETF汇添富,consumer,medium,54,10,轻跟踪,暂不配置,-0.3,0.6910,0.6800,4057.7400,4078.4397,0.5101,-1.5919,-2.1652,-2.1992,-2.1020,17,1,0.1366,1.4684,-7.2483,-9.6732,1.3817,-2.2216,-12.5316,0.9959,2026-06-08,0.6460,3959.3400,-2.4250,-6.5123,-3.4739,-3.1436,-4.0873,15,1,0.0777,,,,,,,,,,,,,,,,,,,,,,
2026-06-01,2026-06-02,光伏,515790,光伏ETF华泰柏瑞,growth,high,54,11,轻跟踪,暂不配置,-0.3,1.0660,1.0570,4057.7400,4078.4397,0.5101,-0.8443,-1.4176,-1.4516,-1.3544,13,1,0.0338,-5.0757,0.6610,-3.9640,1.0214,-3.7341,-9.8901,1.7748,2026-06-08,0.9870,3959.3400,-2.4250,-7.4109,-4.3725,-4.0422,-4.9859,19,1,0.1362,,,,,,,,,,,,,,,,,,,,,,
2026-06-01,2026-06-02,酒,512690,酒ETF鹏华,consumer,medium,53,12,轻跟踪,暂不配置,-0.3,0.4560,0.4480,4057.7400,4078.4397,0.5101,-1.7544,-2.3277,-2.3617,-2.2645,18,1,0.1356,1.7857,-6.3655,-11.4563,1.3407,-0.8588,-12.1387,1.3717,2026-06-08,0.4250,3959.3400,-2.4250,-6.7982,-3.7598,-3.4295,-4.3733,18,1,0.0959,,,,,,,,,,,,,,,,,,,,,,
2026-06-01,2026-06-02,计算机,159998,计算机ETF天弘,tech,high,50,13,轻跟踪,暂不配置,-0.3,1.0270,1.0280,4057.7400,4078.4397,0.5101,0.0974,-0.4759,-0.5100,-0.4128,11,1,0.0050,-6.3810,-3.7488,-1.0597,0.9014,-6.5812,-11.9211,2.2646,2026-06-08,0.9480,3959.3400,-2.4250,-7.6923,-4.6539,-4.3236,-5.2673,20,1,0.1309,,,,,,,,,,,,,,,,,,,,,,
2026-06-01,2026-06-02,创新药,159992,创新药ETF银华,healthcare,high,48,14,暂缓,暂不配置,-0.3,0.7570,0.7480,4057.7400,4078.4397,0.5101,-1.1889,-1.7622,-1.7962,-1.6990,16,1,0.0470,-1.8158,-9.6659,-2.6992,1.0670,-5.1676,-13.0884,1.4018,2026-06-08,0.7070,3959.3400,-2.4250,-6.6050,-3.5666,-3.2363,-4.1800,16,1,0.0397,,,,,,,,,,,,,,,,,,,,,,
2026-06-01,2026-06-02,新能源车,515030,新能源车ETF华夏,growth,high,47,15,暂缓,暂不配置,-0.3,1.9330,1.9460,4057.7400,4078.4397,0.5101,0.6725,0.0992,0.0652,0.1624,8,0,0.1327,-4.2121,-9.4614,6.5014,0.8425,-6.1104,-12.2162,1.4577,2026-06-08,1.8200,3959.3400,-2.4250,-5.8458,-2.8074,-2.4771,-3.4208,12,1,0.0035,,,,,,,,,,,,,,,,,,,,,,
2026-06-01,2026-06-02,黄金,518880,黄金ETF华安,macro,medium,46,16,暂缓,暂不配置,-0.3,9.3440,9.3810,4057.7400,4078.4397,0.5101,0.3960,-0.1773,-0.2114,-0.1142,10,1,0.0145,-1.7662,-3.0404,-17.0086,0.8675,-2.4028,-14.8998,1.2104,2026-06-08,8.9530,3959.3400,-2.4250,-4.1845,-1.1461,-0.8158,-1.7595,11,1,0.0042,,,,,,,,,,,,,,,,,,,,,,
2026-06-01,2026-06-02,医疗器械,159883,医疗器械ETF永赢,healthcare,medium,46,17,暂缓,暂不配置,-0.3,0.4570,0.4530,4057.7400,4078.4397,0.5101,-0.8753,-1.4486,-1.4826,-1.3854,15,1,0.0084,-2.7660,-4.7917,-7.3022,0.7659,-3.5763,-9.5050,0.9128,2026-06-08,0.4280,3959.3400,-2.4250,-6.3457,-3.3073,-2.9770,-3.9207,14,1,0.0093,,,,,,,,,,,,,,,,,,,,,,
2026-06-01,2026-06-02,有色金属,512400,有色金属ETF南方,resource,medium,45,18,暂缓,暂不配置,-0.3,1.9490,2.0110,4057.7400,4078.4397,0.5101,3.1811,2.6078,2.5738,2.6710,2,0,0.4468,-3.7531,-8.9252,-17.4852,1.0303,-6.0361,-16.8870,2.1982,2026-06-08,1.8200,3959.3400,-2.4250,-6.6188,-3.5804,-3.2501,-4.1938,17,1,0.0137,,,,,,,,,,,,,,,,,,,,,,
2026-06-01,2026-06-02,军工,512710,军工龙头ETF富国,advanced_manufacturing,high,42,19,暂缓,暂不配置,-0.3,0.6880,0.6820,4057.7400,4078.4397,0.5101,-0.8721,-1.4454,-1.4794,-1.3822,14,1,0.0083,-7.7748,-8.7533,-19.8135,0.9258,-9.1269,-22.2599,2.0305,2026-06-08,0.6620,3959.3400,-2.4250,-3.7791,-0.7407,-0.4104,-1.3541,10,1,0.0090,,,,,,,,,,,,,,,,,,,,,,
2026-06-01,2026-06-02,游戏,516010,游戏ETF国泰,media,high,40,20,暂缓,暂不配置,-0.3,1.1590,1.1280,4057.7400,4078.4397,0.5101,-2.6747,-3.2480,-3.2821,-3.1848,20,1,0.1225,-1.3617,-11.1877,-16.6187,0.9070,-6.7128,-18.5524,1.6641,2026-06-08,1.0900,3959.3400,-2.4250,-5.9534,-2.9150,-2.5847,-3.5284,13,1,0.0045,,,,,,,,,,,,,,,,,,,,,,
2026-06-02,2026-06-03,通信,515880,通信ETF国泰,tech,medium,77,1,重点跟踪,可小幅加仓,1.0,1.6280,1.7400,4078.4397,4096.4635,0.4419,6.8796,6.0335,5.8159,6.4377,1,1,0.0000,-1.9206,15.3614,41.5896,1.1221,2.1947,-5.3737,2.8402,2026-06-09,1.6850,3991.1200,-2.1410,3.5012,6.0354,6.2471,5.6422,2,1,0.0157,,,,,,,,,,,,,,,,,,,,,,
2026-06-02,2026-06-03,创业板50,159949,创业板50ETF华安,broad_growth,high,75,2,重点跟踪,可小幅加仓,1.0,1.9790,2.0420,4078.4397,4096.4635,0.4419,3.1834,2.3374,2.1198,2.7415,5,1,0.0517,-0.8786,8.6686,27.1040,1.3106,1.3100,-4.2436,1.8607,2026-06-09,1.9220,3991.1200,-2.1410,-2.8802,-0.3461,-0.1344,-0.7392,10,0,0.7317,,,,,,,,,,,,,,,,,,,,,,
2026-06-02,2026-06-03,芯片,159995,芯片ETF华夏,tech,high,72,3,重点跟踪,持有观察,0.3,2.4150,2.5210,4078.4397,4096.4635,0.4419,4.3892,3.5432,3.3256,3.9473,3,1,0.1225,-10.7499,16.5461,33.0396,1.0786,-0.5168,-11.4045,3.6939,2026-06-09,2.4050,3991.1200,-2.1410,-0.4141,2.1201,2.3318,1.7269,6,1,0.0395,,,,,,,,,,,,,,,,,,,,,,
2026-06-02,2026-06-03,半导体,512480,半导体ETF国联安,tech,high,71,4,重点跟踪,持有观察,0.3,2.0940,2.1790,4078.4397,4096.4635,0.4419,4.0592,3.2132,2.9955,3.6173,4,1,0.1225,-12.8620,18.1293,31.2380,1.0473,-2.4809,-12.8620,3.7399,2026-06-09,2.1010,3991.1200,-2.1410,0.3343,2.8685,3.0802,2.4753,4,1,0.0041,,,,,,,,,,,,,,,,,,,,,,
2026-06-02,2026-06-03,人工智能,159819,人工智能ETF易方达,tech,high,71,5,重点跟踪,持有观察,0.3,1.9740,2.0650,4078.4397,4096.4635,0.4419,4.6099,3.7639,3.5463,4.1680,2,1,0.1225,-6.7640,10.1149,24.8208,0.9863,-2.2374,-6.7640,2.4573,2026-06-09,1.9410,3991.1200,-2.1410,-1.6717,0.8624,1.0742,0.4693,8,1,0.0468,,,,,,,,,,,,,,,,,,,,,,
2026-06-02,2026-06-03,机器人,562500,机器人ETF华夏,advanced_manufacturing,high,63,6,观察,持有观察,0.3,1.1250,1.1400,4078.4397,4096.4635,0.4419,1.3333,0.4873,0.2697,0.8914,9,1,0.0442,-9.3750,7.9334,9.1089,1.0074,-4.0237,-9.3750,2.1011,2026-06-09,1.1770,3991.1200,-2.1410,4.6222,7.1564,7.3681,6.7632,1,1,0.1225,,,,,,,,,,,,,,,,,,,,,,
2026-06-02,2026-06-03,煤炭,515220,煤炭ETF国泰,resource,medium,59,7,暂缓,等回调,0.0,1.3390,1.3660,4078.4397,4096.4635,0.4419,2.0164,1.1704,0.9528,1.5745,6,0,0.0380,11.0282,1.8251,6.6932,1.3154,7.1886,-2.1914,2.4627,2026-06-09,1.3520,3991.1200,-2.1410,0.9709,3.5051,3.7168,3.1119,3,0,0.0683,,,,,,,,,,,,,,,,,,,,,,
2026-06-02,2026-06-03,红利低波,512890,红利低波ETF华泰柏瑞,dividend,low,57,8,轻跟踪,暂不配置,-0.3,1.1800,1.1670,4078.4397,4096.4635,0.4419,-1.1017,-1.9478,-2.1654,-1.5436,16,1,0.1358,2.1626,-0.5892,0.0847,1.1419,1.1477,-2.3967,0.6585,2026-06-09,1.1620,3991.1200,-2.1410,-1.5254,1.0088,1.2205,0.6156,7,0,0.1557,,,,,,,,,,,,,,,,,,,,,,
2026-06-02,2026-06-03,银行,512800,银行ETF华宝,dividend,low,55,9,轻跟踪,暂不配置,-0.3,0.7890,0.7820,4078.4397,4096.4635,0.4419,-0.8872,-1.7333,-1.9509,-1.3291,14,1,0.0851,2.3468,-1.8750,0.1276,1.0624,1.0101,-2.8465,0.7404,2026-06-09,0.7910,3991.1200,-2.1410,0.2535,2.7877,2.9994,2.3945,5,0,0.2330,,,,,,,,,,,,,,,,,,,,,,
2026-06-02,2026-06-03,消费,159928,消费ETF汇添富,consumer,medium,54,10,轻跟踪,暂不配置,-0.3,0.6800,0.6680,4078.4397,4096.4635,0.4419,-1.7647,-2.6108,-2.8284,-2.2066,19,1,0.1997,1.4684,-7.2483,-9.6732,1.3817,-2.2216,-12.5316,0.9959,2026-06-09,0.6430,3991.1200,-2.1410,-5.4412,-2.9070,-2.6953,-3.3002,14,1,0.0571,,,,,,,,,,,,,,,,,,,,,,
2026-06-02,2026-06-03,酒,512690,酒ETF鹏华,consumer,medium,53,11,轻跟踪,暂不配置,-0.3,0.4480,0.4400,4078.4397,4096.4635,0.4419,-1.7857,-2.6318,-2.8494,-2.2276,20,1,0.2017,1.7857,-6.3655,-11.4563,1.3684,-0.8588,-12.1387,1.3717,2026-06-09,0.4190,3991.1200,-2.1410,-6.4732,-3.9390,-3.7273,-4.3322,19,1,0.1259,,,,,,,,,,,,,,,,,,,,,,
2026-06-02,2026-06-03,光伏,515790,光伏ETF华泰柏瑞,growth,high,53,12,轻跟踪,暂不配置,-0.3,1.0570,1.0760,4078.4397,4096.4635,0.4419,1.7975,0.9515,0.7339,1.3556,7,0,0.2002,-5.1167,-0.5644,-4.7748,1.0001,-4.5210,-10.6509,1.7835,2026-06-09,1.0070,3991.1200,-2.1410,-4.7304,-2.1962,-1.9845,-2.5894,13,1,0.0133,,,,,,,,,,,,,,,,,,,,,,
2026-06-02,2026-06-03,计算机,159998,计算机ETF天弘,tech,high,50,13,轻跟踪,暂不配置,-0.3,1.0280,1.0330,4078.4397,4096.4635,0.4419,0.4864,-0.3597,-0.5773,0.0445,11,1,0.0081,-6.3810,-3.7488,-1.0597,0.9014,-6.5812,-11.9211,2.2646,2026-06-09,0.9670,3991.1200,-2.1410,-5.9339,-3.3997,-3.1880,-3.7928,18,1,0.0765,,,,,,,,,,,,,,,,,,,,,,
2026-06-02,2026-06-03,创新药,159992,创新药ETF银华,healthcare,high,48,14,暂缓,暂不配置,-0.3,0.7480,0.7360,4078.4397,4096.4635,0.4419,-1.6043,-2.4503,-2.6679,-2.0462,18,1,0.1194,-1.8158,-9.6659,-2.6992,1.0670,-5.1676,-13.0884,1.4018,2026-06-09,0.7050,3991.1200,-2.1410,-5.7487,-3.2145,-3.0028,-3.6077,16,1,0.0343,,,,,,,,,,,,,,,,,,,,,,
2026-06-02,2026-06-03,新能源车,515030,新能源车ETF华夏,growth,high,47,15,暂缓,暂不配置,-0.3,1.9460,1.9330,4078.4397,4096.4635,0.4419,-0.6680,-1.5141,-1.7317,-1.1100,13,1,0.0105,-3.7110,-8.7242,7.6923,0.7995,-5.0500,-11.6258,1.4780,2026-06-09,1.8310,3991.1200,-2.1410,-5.9096,-3.3754,-3.1637,-3.7686,17,1,0.0366,,,,,,,,,,,,,,,,,,,,,,
2026-06-02,2026-06-03,黄金,518880,黄金ETF华安,macro,medium,46,16,暂缓,暂不配置,-0.3,9.3810,9.2840,4078.4397,4096.4635,0.4419,-1.0340,-1.8801,-2.0977,-1.4759,15,1,0.0267,-1.7662,-3.0404,-17.0086,0.8675,-2.4028,-14.8998,1.2104,2026-06-09,9.0370,3991.1200,-2.1410,-3.6670,-1.1328,-0.9211,-1.5260,12,1,0.0043,,,,,,,,,,,,,,,,,,,,,,
2026-06-02,2026-06-03,医疗器械,159883,医疗器械ETF永赢,healthcare,medium,46,17,暂缓,暂不配置,-0.3,0.4530,0.4480,4078.4397,4096.4635,0.4419,-1.1038,-1.9498,-2.1674,-1.5457,17,1,0.0306,-2.7660,-4.7917,-7.3022,0.7659,-3.5763,-9.5050,0.9128,2026-06-09,0.4270,3991.1200,-2.1410,-5.7395,-3.2053,-2.9936,-3.5985,15,1,0.0079,,,,,,,,,,,,,,,,,,,,,,
2026-06-02,2026-06-03,有色金属,512400,有色金属ETF南方,resource,medium,45,18,暂缓,暂不配置,-0.3,2.0110,2.0430,4078.4397,4096.4635,0.4419,1.5912,0.7452,0.5276,1.1493,8,0,0.1802,-3.7531,-8.9252,-17.4852,1.0303,-6.0361,-16.8870,2.1982,2026-06-09,1.8290,3991.1200,-2.1410,-9.0502,-6.5160,-6.3043,-6.9092,20,1,0.1390,,,,,,,,,,,,,,,,,,,,,,
2026-06-02,2026-06-03,军工,512710,军工龙头ETF富国,advanced_manufacturing,high,43,19,暂缓,暂不配置,-0.3,0.6820,0.6910,4078.4397,4096.4635,0.4419,1.3196,0.4736,0.2560,0.8777,10,0,0.1574,-7.7748,-8.7533,-19.8135,0.9897,-9.1269,-22.2599,2.0305,2026-06-09,0.6620,3991.1200,-2.1410,-2.9326,-0.3984,-0.1867,-0.7915,11,1,0.0145,,,,,,,,,,,,,,,,,,,,,,
2026-06-02,2026-06-03,游戏,516010,游戏ETF国泰,media,high,42,20,暂缓,暂不配置,-0.3,1.1280,1.1230,4078.4397,4096.4635,0.4419,-0.4433,-1.2893,-1.5069,-0.8852,12,1,0.0042,-1.3617,-11.1877,-16.6187,0.9801,-6.7128,-18.5524,1.6641,2026-06-09,1.1000,3991.1200,-2.1410,-2.4823,0.0519,0.2636,-0.3413,9,0,0.1287,,,,,,,,,,,,,,,,,,,,,,
2026-06-03,2026-06-04,创业板50,159949,创业板50ETF华安,broad_growth,high,76,1,重点跟踪,可小幅加仓,1.0,2.0420,1.9920,4096.4635,4057.2661,-0.9569,-2.4486,-1.4280,-1.3937,-1.4917,18,0,1.1468,1.3306,12.5640,33.2436,1.3365,3.9779,-1.1483,1.9473,2026-06-10,1.8720,3993.2258,-2.5202,-8.3252,-4.5142,-3.8191,-5.8050,19,0,1.3532,,,,,,,,,,,,,,,,,,,,,,
2026-06-03,2026-06-04,通信,515880,通信ETF国泰,tech,medium,74,2,重点跟踪,可小幅加仓,1.0,1.7400,1.7030,4096.4635,4057.2661,-0.9569,-2.1264,-1.1059,-1.0716,-1.1696,16,0,1.0213,5.6202,23.7699,53.3771,1.2043,7.9350,0.0000,3.1036,2026-06-10,1.6300,3993.2258,-2.5202,-6.3218,-2.5108,-1.8158,-3.8017,15,0,1.0330,,,,,,,,,,,,,,,,,,,,,,
2026-06-03,2026-06-04,芯片,159995,芯片ETF华夏,tech,high,73,3,重点跟踪,持有观察,0.3,2.5210,2.5320,4096.4635,4057.2661,-0.9569,0.4363,1.4569,1.4912,1.3932,3,1,0.0086,-4.1809,14.3829,35.9030,0.9958,3.1759,-7.5541,3.6036,2026-06-10,2.3870,3993.2258,-2.5202,-5.3154,-1.5043,-0.8093,-2.7952,12,0,0.3184,,,,,,,,,,,,,,,,,,,,,,
2026-06-03,2026-06-04,人工智能,159819,人工智能ETF易方达,tech,high,72,4,重点跟踪,持有观察,0.3,2.0650,2.0230,4096.4635,4057.2661,-0.9569,-2.0339,-1.0133,-0.9790,-1.0770,15,0,0.3674,-3.5732,10.2406,30.3772,0.9851,0.0508,-4.1363,2.4626,2026-06-10,1.9010,3993.2258,-2.5202,-7.9419,-4.1309,-3.4358,-5.4217,18,0,0.5604,,,,,,,,,,,,,,,,,,,,,,
2026-06-03,2026-06-04,半导体,512480,半导体ETF国联安,tech,high,71,5,重点跟踪,持有观察,0.3,2.1790,2.1960,4096.4635,4057.2661,-0.9569,0.7802,1.8007,1.8350,1.7370,2,1,0.0225,-10.3835,14.4744,33.4189,1.0275,-1.4778,-11.4140,3.6316,2026-06-10,2.1000,3993.2258,-2.5202,-3.6255,0.1855,0.8806,-1.1053,8,1,0.0617,,,,,,,,,,,,,,,,,,,,,,
2026-06-03,2026-06-04,机器人,562500,机器人ETF华夏,advanced_manufacturing,high,65,6,观察,持有观察,0.3,1.1400,1.1310,4096.4635,4057.2661,-0.9569,-0.7895,0.2311,0.2654,0.1674,6,1,0.0124,-6.8880,8.7209,11.8644,0.8897,-2.6633,-7.7303,2.1190,2026-06-10,1.1320,3993.2258,-2.5202,-0.7018,3.1093,3.8043,1.8184,3,1,0.0067,,,,,,,,,,,,,,,,,,,,,,
2026-06-03,2026-06-04,煤炭,515220,煤炭ETF国泰,resource,medium,60,7,暂缓,等回调,0.0,1.3660,1.4290,4096.4635,4057.2661,-0.9569,4.6120,5.6326,5.6669,5.5689,1,0,0.2500,11.6915,2.4335,7.3307,1.3149,7.7945,-1.6070,2.4384,2026-06-10,1.3050,3993.2258,-2.5202,-4.4656,-0.6546,0.0405,-1.9454,9,0,0.0287,,,,,,,,,,,,,,,,,,,,,,
2026-06-03,2026-06-04,红利低波,512890,红利低波ETF华泰柏瑞,dividend,low,58,8,观察,持有观察,0.3,1.1670,1.1610,4096.4635,4057.2661,-0.9569,-0.5141,0.5064,0.5407,0.4427,5,1,0.0043,2.2491,-0.5051,0.1695,1.1695,1.2290,-2.3140,0.6590,2026-06-10,1.1720,3993.2258,-2.5202,0.4284,4.2395,4.9345,2.9486,2,1,0.0276,,,,,,,,,,,,,,,,,,,,,,
2026-06-03,2026-06-04,银行,512800,银行ETF华宝,dividend,low,58,9,观察,持有观察,0.3,0.7820,0.7750,4096.4635,4057.2661,-0.9569,-0.8951,0.1254,0.1597,0.0617,8,1,0.0167,2.4643,-0.6289,1.9355,1.1423,1.6862,-2.2277,0.7460,2026-06-10,0.8060,3993.2258,-2.5202,3.0691,6.8801,7.5751,5.5892,1,1,0.1225,,,,,,,,,,,,,,,,,,,,,,
2026-06-03,2026-06-04,消费,159928,消费ETF汇添富,consumer,medium,53,10,轻跟踪,暂不配置,-0.3,0.6680,0.6600,4096.4635,4057.2661,-0.9569,-1.1976,-0.1770,-0.1428,-0.2407,11,1,0.0277,0.0000,-8.9692,-10.4084,1.4579,-3.3198,-13.9241,1.0185,2026-06-10,0.6500,3993.2258,-2.5202,-2.6946,1.1164,1.8115,-0.1744,5,0,0.1594,,,,,,,,,,,,,,,,,,,,,,
2026-06-03,2026-06-04,酒,512690,酒ETF鹏华,consumer,medium,53,11,轻跟踪,暂不配置,-0.3,0.4400,0.4360,4096.4635,4057.2661,-0.9569,-0.9091,0.1115,0.1458,0.0478,9,0,0.1334,0.9009,-7.4380,-10.7570,1.3625,-2.2154,-13.6802,1.4061,2026-06-10,0.4260,3993.2258,-2.5202,-3.1818,0.6292,1.3243,-0.6617,6,0,0.1438,,,,,,,,,,,,,,,,,,,,,,
2026-06-03,2026-06-04,光伏,515790,光伏ETF华泰柏瑞,growth,high,51,12,轻跟踪,暂不配置,-0.3,1.0760,1.0670,4096.4635,4057.2661,-0.9569,-0.8364,0.1841,0.2184,0.1204,7,0,0.1376,-3.9286,-0.9208,-4.3556,0.9207,-2.7520,-9.0448,1.7781,2026-06-10,1.0010,3993.2258,-2.5202,-6.9703,-3.1592,-2.4642,-4.4501,16,1,0.0599,,,,,,,,,,,,,,,,,,,,,,
2026-06-03,2026-06-04,黄金,518880,黄金ETF华安,macro,medium,48,13,暂缓,暂不配置,-0.3,9.2840,9.2930,4096.4635,4057.2661,-0.9569,0.0969,1.1175,1.1518,1.0538,4,0,0.2181,-0.4654,-2.7692,-14.2987,0.9336,-1.5757,-14.2519,1.2185,2026-06-10,8.7360,3993.2258,-2.5202,-5.9026,-2.0916,-1.3965,-3.3825,14,1,0.0132,,,,,,,,,,,,,,,,,,,,,,
2026-06-03,2026-06-04,计算机,159998,计算机ETF天弘,tech,high,48,14,暂缓,暂不配置,-0.3,1.0330,1.0090,4096.4635,4057.2661,-0.9569,-2.3233,-1.3028,-1.2685,-1.3665,17,1,0.0440,-5.0879,-4.7354,-0.4850,0.8296,-6.4551,-12.0069,2.2506,2026-06-10,0.9570,3993.2258,-2.5202,-7.3572,-3.5462,-2.8511,-4.8370,17,1,0.0525,,,,,,,,,,,,,,,,,,,,,,
2026-06-03,2026-06-04,新能源车,515030,新能源车ETF华夏,growth,high,48,15,暂缓,暂不配置,-0.3,1.9330,1.8850,4096.4635,4057.2661,-0.9569,-2.4832,-1.4626,-1.4283,-1.5263,19,1,0.0614,-3.8100,-8.8180,7.5816,0.8451,-5.1430,-11.7166,1.4742,2026-06-10,1.8270,3993.2258,-2.5202,-5.4837,-1.6727,-0.9776,-2.9635,13,1,0.0006,,,,,,,,,,,,,,,,,,,,,,
2026-06-03,2026-06-04,有色金属,512400,有色金属ETF南方,resource,medium,47,16,暂缓,暂不配置,-0.3,2.0430,1.9680,4096.4635,4057.2661,-0.9569,-3.6711,-2.6505,-2.6162,-2.7142,20,1,0.1378,-3.8186,-4.9080,-14.0725,0.9276,-2.6100,-13.3706,2.3458,2026-06-10,1.8430,3993.2258,-2.5202,-9.7895,-5.9785,-5.2834,-7.2694,20,1,0.1400,,,,,,,,,,,,,,,,,,,,,,
2026-06-03,2026-06-04,创新药,159992,创新药ETF银华,healthcare,high,47,17,暂缓,暂不配置,-0.3,0.7360,0.7220,4096.4635,4057.2661,-0.9569,-1.9022,-0.8816,-0.8473,-0.9453,13,1,0.0000,-2.9909,-10.7656,-3.2425,1.0910,-6.0157,-14.3513,1.4155,2026-06-10,0.7210,3993.2258,-2.5202,-2.0380,1.7730,2.4680,0.4821,4,0,0.1846,,,,,,,,,,,,,,,,,,,,,,
2026-06-03,2026-06-04,医疗器械,159883,医疗器械ETF永赢,healthcare,medium,46,18,暂缓,暂不配置,-0.3,0.4480,0.4390,4096.4635,4057.2661,-0.9569,-2.0089,-0.9884,-0.9541,-1.0521,14,1,0.0002,-3.4188,-5.4393,-6.9959,0.7716,-4.3690,-10.4950,0.9311,2026-06-10,0.4260,3993.2258,-2.5202,-4.9107,-1.0997,-0.4046,-2.3905,10,1,0.0046,,,,,,,,,,,,,,,,,,,,,,
2026-06-03,2026-06-04,游戏,516010,游戏ETF国泰,media,high,41,19,暂缓,暂不配置,-0.3,1.1230,1.1020,4096.4635,4057.2661,-0.9569,-1.8700,-0.8494,-0.8151,-0.9131,12,1,0.0001,-3.8429,-12.3735,-18.2874,1.0425,-8.7853,-20.8714,1.7253,2026-06-10,1.0850,3993.2258,-2.5202,-3.3838,0.4272,1.1223,-0.8636,7,0,0.1381,,,,,,,,,,,,,,,,,,,,,,
2026-06-03,2026-06-04,军工,512710,军工龙头ETF富国,advanced_manufacturing,high,38,20,暂缓,暂不配置,-0.3,0.6910,0.6840,4096.4635,4057.2661,-0.9569,-1.0130,0.0075,0.0418,-0.0562,10,0,0.1279,-3.2213,-11.9745,-21.1187,0.8680,-7.6512,-21.9209,1.8954,2026-06-10,0.6550,3993.2258,-2.5202,-5.2098,-1.3988,-0.7038,-2.6897,11,1,0.0021,,,,,,,,,,,,,,,,,,,,,,
2026-06-04,2026-06-05,半导体,512480,半导体ETF国联安,tech,high,71,1,重点跟踪,持有观察,0.3,2.1960,2.1320,4057.2661,4061.8816,0.1138,-2.9144,-2.8004,-2.6778,-3.0281,19,0,0.7646,-5.0773,12.3889,35.5612,0.9971,1.2694,-8.4327,3.5345,,,,,,,,,,,,,,,,,,,,,,,,,,,,,,,,,
2026-06-04,2026-06-05,芯片,159995,芯片ETF华夏,tech,high,71,2,重点跟踪,持有观察,0.3,2.5320,2.4470,4057.2661,4061.8816,0.1138,-3.3570,-3.2431,-3.1204,-3.4708,20,0,0.8201,-5.6252,12.6588,33.8544,1.0087,1.6998,-8.9476,3.5207,,,,,,,,,,,,,,,,,,,,,,,,,,,,,,,,,
2026-06-04,2026-06-05,创业板50,159949,创业板50ETF华安,broad_growth,high,70,3,重点跟踪,持有观察,0.3,1.9920,1.9660,4057.2661,4061.8816,0.1138,-1.3052,-1.1912,-1.0686,-1.4190,15,0,0.3844,-0.5492,8.3787,31.5720,1.1278,3.6232,-1.2395,1.9257,,,,,,,,,,,,,,,,,,,,,,,,,,,,,,,,,
2026-06-04,2026-06-05,通信,515880,通信ETF国泰,tech,medium,69,4,暂缓,等回调,0.0,1.7030,1.6980,4057.2661,4061.8816,0.1138,-0.2936,-0.1796,-0.0570,-0.4074,10,1,0.0798,11.5010,26.9231,56.8556,1.2529,11.9374,0.0000,3.2055,,,,,,,,,,,,,,,,,,,,,,,,,,,,,,,,,
2026-06-04,2026-06-05,人工智能,159819,人工智能ETF易方达,tech,high,66,5,观察,持有观察,0.3,2.0230,1.9910,4057.2661,4061.8816,0.1138,-1.5818,-1.4678,-1.3452,-1.6956,18,0,0.4342,-0.8333,6.4737,30.5161,0.9822,1.9400,-1.5572,2.4181,,,,,,,,,,,,,,,,,,,,,,,,,,,,,,,,,
2026-06-04,2026-06-05,煤炭,515220,煤炭ETF国泰,resource,medium,64,6,暂缓,减仓提醒,-1.0,1.4290,1.4070,4057.2661,4061.8816,0.1138,-1.5395,-1.4256,-1.3029,-1.6533,17,1,0.2136,13.8211,5.9002,11.8211,1.4985,11.6873,0.0000,2.5741,,,,,,,,,,,,,,,,,,,,,,,,,,,,,,,,,
2026-06-04,2026-06-05,红利低波,512890,红利低波ETF华泰柏瑞,dividend,low,58,7,观察,持有观察,0.3,1.1610,1.1620,4057.2661,4061.8816,0.1138,0.0861,0.2001,0.3227,-0.0276,8,1,0.0268,2.0000,-0.8453,-0.7614,1.2190,0.5012,-3.0579,0.6733,,,,,,,,,,,,,,,,,,,,,,,,,,,,,,,,,
2026-06-04,2026-06-05,银行,512800,银行ETF华宝,dividend,low,58,8,观察,持有观察,0.3,0.7750,0.7840,4057.2661,4061.8816,0.1138,1.1613,1.2753,1.3979,1.0475,4,1,0.0039,2.0860,-0.6345,0.0000,1.1950,0.8176,-3.0941,0.7463,,,,,,,,,,,,,,,,,,,,,,,,,,,,,,,,,
2026-06-04,2026-06-05,机器人,562500,机器人ETF华夏,advanced_manufacturing,high,57,9,轻跟踪,暂不配置,-0.3,1.1310,1.1730,4057.2661,4061.8816,0.1138,3.7135,3.8275,3.9501,3.5998,1,0,0.5275,-2.8326,3.1905,10.4390,0.7079,-2.2453,-6.9079,1.9105,,,,,,,,,,,,,,,,,,,,,,,,,,,,,,,,,
2026-06-04,2026-06-05,光伏,515790,光伏ETF华泰柏瑞,growth,high,51,10,轻跟踪,暂不配置,-0.3,1.0670,1.0530,4057.2661,4061.8816,0.1138,-1.3121,-1.1981,-1.0755,-1.4258,16,1,0.0814,-4.9107,-1.9337,-5.3333,0.9815,-3.6983,-9.9746,1.7328,,,,,,,,,,,,,,,,,,,,,,,,,,,,,,,,,
2026-06-04,2026-06-05,酒,512690,酒ETF鹏华,consumer,medium,50,11,轻跟踪,暂不配置,-0.3,0.4360,0.4350,4057.2661,4061.8816,0.1138,-0.2294,-0.1154,0.0072,-0.3431,9,1,0.0171,-1.9868,-6.9182,-11.7296,1.1991,-2.7382,-14.4509,1.3901,,,,,,,,,,,,,,,,,,,,,,,,,,,,,,,,,
2026-06-04,2026-06-05,消费,159928,消费ETF汇添富,consumer,medium,47,12,暂缓,暂不配置,-0.3,0.6600,0.6580,4057.2661,4061.8816,0.1138,-0.3030,-0.1891,-0.0664,-0.4168,11,1,0.0140,-1.7595,-9.7035,-11.3757,1.1425,-4.2515,-15.1899,1.0413,,,,,,,,,,,,,,,,,,,,,,,,,,,,,,,,,
2026-06-04,2026-06-05,黄金,518880,黄金ETF华安,macro,medium,46,13,暂缓,暂不配置,-0.3,9.2930,9.2420,4057.2661,4061.8816,0.1138,-0.5488,-0.4348,-0.3122,-0.6626,12,1,0.0060,-0.6849,-5.2089,-15.3502,0.9427,-2.6654,-15.4274,1.2086,,,,,,,,,,,,,,,,,,,,,,,,,,,,,,,,,
2026-06-04,2026-06-05,有色金属,512400,有色金属ETF南方,resource,medium,45,14,暂缓,暂不配置,-0.3,1.9680,1.9500,4057.2661,4061.8816,0.1138,-0.9146,-0.8007,-0.6780,-1.0284,14,1,0.0003,0.9439,-7.5944,-12.6397,0.9226,-1.3903,-10.8381,2.1768,,,,,,,,,,,,,,,,,,,,,,,,,,,,,,,,,
2026-06-04,2026-06-05,创新药,159992,创新药ETF银华,healthcare,high,45,15,暂缓,暂不配置,-0.3,0.7220,0.7280,4057.2661,4061.8816,0.1138,0.8310,0.9450,1.0676,0.7173,5,0,0.1996,-4.3081,-12.4253,-5.6628,1.0316,-7.0446,-15.8439,1.4291,,,,,,,,,,,,,,,,,,,,,,,,,,,,,,,,,
2026-06-04,2026-06-05,新能源车,515030,新能源车ETF华夏,growth,high,44,16,暂缓,暂不配置,-0.3,1.8850,1.8910,4057.2661,4061.8816,0.1138,0.3183,0.4323,0.5549,0.2045,7,0,0.1543,-3.9960,-12.7157,5.4885,0.8311,-5.5714,-12.7157,1.2046,,,,,,,,,,,,,,,,,,,,,,,,,,,,,,,,,
2026-06-04,2026-06-05,医疗器械,159883,医疗器械ETF永赢,healthcare,medium,42,17,暂缓,暂不配置,-0.3,0.4390,0.4410,4057.2661,4061.8816,0.1138,0.4556,0.5696,0.6922,0.3418,6,0,0.1650,-4.0860,-7.0833,-8.7935,0.6700,-5.2978,-11.6832,0.9438,,,,,,,,,,,,,,,,,,,,,,,,,,,,,,,,,
2026-06-04,2026-06-05,计算机,159998,计算机ETF天弘,tech,high,41,18,暂缓,暂不配置,-0.3,1.0090,1.0020,4057.2661,4061.8816,0.1138,-0.6938,-0.5798,-0.4572,-0.8075,13,1,0.0028,-4.2694,-11.2577,-4.0875,0.7501,-7.0346,-13.4648,1.9696,,,,,,,,,,,,,,,,,,,,,,,,,,,,,,,,,
2026-06-04,2026-06-05,军工,512710,军工龙头ETF富国,advanced_manufacturing,high,36,19,暂缓,暂不配置,-0.3,0.6840,0.6950,4057.2661,4061.8816,0.1138,1.6082,1.7222,1.8448,1.4944,3,0,0.2960,-5.0000,-13.4177,-22.7119,0.8187,-7.9036,-22.1843,1.8461,,,,,,,,,,,,,,,,,,,,,,,,,,,,,,,,,
2026-06-04,2026-06-05,游戏,516010,游戏ETF国泰,media,high,36,20,暂缓,暂不配置,-0.3,1.1020,1.1250,4057.2661,4061.8816,0.1138,2.0871,2.2011,2.3237,1.9734,2,0,0.3721,-4.0905,-17.1429,-21.3980,0.9517,-9.2033,-22.5580,1.5362,,,,,,,,,,,,,,,,,,,,,,,,,,,,,,,,,
2026-06-05,2026-06-08,芯片,159995,芯片ETF华夏,tech,high,73,1,重点跟踪,持有观察,0.3,2.4470,2.2930,4061.8816,3959.3400,-2.5245,-6.2934,-3.0102,-2.6016,-3.7689,18,0,0.8950,-4.0576,13.0979,36.5353,0.9570,3.0067,-7.2241,3.5264,,,,,,,,,,,,,,,,,,,,,,,,,,,,,,,,,
2026-06-05,2026-06-08,半导体,512480,半导体ETF国联安,tech,high,72,2,重点跟踪,持有观察,0.3,2.1320,1.9950,4061.8816,3959.3400,-2.5245,-6.4259,-3.1427,-2.7341,-3.9014,19,0,0.8990,-4.4028,12.5192,38.2724,0.9485,2.7046,-6.6014,3.5367,,,,,,,,,,,,,,,,,,,,,,,,,,,,,,,,,
2026-06-05,2026-06-08,煤炭,515220,煤炭ETF国泰,resource,medium,71,3,暂缓,减仓降温,-1.0,1.4070,1.3890,4061.8816,3959.3400,-2.5245,-1.2793,2.0039,2.4125,1.2452,4,0,1.0587,14.3086,13.7629,15.6023,1.6618,13.2987,0.0000,2.3014,,,,,,,,,,,,,,,,,,,,,,,,,,,,,,,,,
2026-06-05,2026-06-08,通信,515880,通信ETF国泰,tech,medium,70,4,暂缓,等回调,0.0,1.6980,1.6010,4061.8816,3959.3400,-2.5245,-5.7126,-2.4294,-2.0208,-3.1881,14,0,0.2955,5.4972,20.7921,57.5646,1.2345,10.3573,-0.4662,3.1309,,,,,,,,,,,,,,,,,,,,,,,,,,,,,,,,,
2026-06-05,2026-06-08,创业板50,159949,创业板50ETF华安,broad_growth,high,70,5,重点跟踪,持有观察,0.3,1.9660,1.8520,4061.8816,3959.3400,-2.5245,-5.7986,-2.5153,-2.1068,-3.2741,16,0,0.7027,-0.2996,8.6507,31.9022,1.1172,3.8698,-0.9916,1.9157,,,,,,,,,,,,,,,,,,,,,,,,,,,,,,,,,
2026-06-05,2026-06-08,人工智能,159819,人工智能ETF易方达,tech,high,67,6,观察,持有观察,0.3,1.9910,1.8760,4061.8816,3959.3400,-2.5245,-5.7760,-2.4928,-2.0842,-3.2515,15,0,0.6714,-0.8824,6.4211,30.4516,1.0290,1.8922,-1.6058,2.4192,,,,,,,,,,,,,,,,,,,,,,,,,,,,,,,,,
2026-06-05,2026-06-08,机器人,562500,机器人ETF华夏,advanced_manufacturing,high,58,7,观察,持有观察,0.3,1.1730,1.1680,4061.8816,3959.3400,-2.5245,-0.4263,2.8570,3.2655,2.0982,3,1,0.1064,-3.0901,2.9170,10.1463,0.7552,-2.4917,-7.1546,1.9095,,,,,,,,,,,,,,,,,,,,,,,,,,,,,,,,,
2026-06-05,2026-06-08,红利低波,512890,红利低波ETF华泰柏瑞,dividend,low,57,8,轻跟踪,暂不配置,-0.3,1.1620,1.1650,4061.8816,3959.3400,-2.5245,0.2582,3.5414,3.9500,2.7827,2,0,0.5275,1.2238,-1.6978,-2.5253,1.2192,-0.6989,-4.2975,0.7217,,,,,,,,,,,,,,,,,,,,,,,,,,,,,,,,,
2026-06-05,2026-06-08,银行,512800,银行ETF华宝,dividend,low,56,9,轻跟踪,暂不配置,-0.3,0.7840,0.7890,4061.8816,3959.3400,-2.5245,0.6378,3.9210,4.3295,3.1622,1,0,0.5275,1.7083,-1.2755,-1.2755,1.0784,-0.2770,-4.2079,0.7793,,,,,,,,,,,,,,,,,,,,,,,,,,,,,,,,,
2026-06-05,2026-06-08,新能源车,515030,新能源车ETF华夏,growth,high,49,10,暂缓,暂不配置,-0.3,1.8910,1.8200,4061.8816,3959.3400,-2.5245,-3.7546,-0.4714,-0.0628,-1.2301,11,1,0.0183,-5.5165,-13.6572,3.4596,1.2104,-6.7558,-14.4414,1.2372,,,,,,,,,,,,,,,,,,,,,,,,,,,,,,,,,
2026-06-05,2026-06-08,光伏,515790,光伏ETF华泰柏瑞,growth,high,49,11,暂缓,暂不配置,-0.3,1.0530,0.9870,4061.8816,3959.3400,-2.5245,-6.2678,-2.9846,-2.5760,-3.7433,17,1,0.1997,-5.4965,-3.1789,-5.4126,0.8979,-3.4551,-9.8901,1.7009,,,,,,,,,,,,,,,,,,,,,,,,,,,,,,,,,
2026-06-05,2026-06-08,酒,512690,酒ETF鹏华,consumer,medium,47,12,暂缓,暂不配置,-0.3,0.4350,0.4250,4061.8816,3959.3400,-2.5245,-2.2989,0.9844,1.3929,0.2256,6,0,0.2036,-2.2573,-9.4142,-15.0980,1.1652,-4.6780,-16.5703,1.4579,,,,,,,,,,,,,,,,,,,,,,,,,,,,,,,,,
2026-06-05,2026-06-08,黄金,518880,黄金ETF华安,macro,medium,45,13,暂缓,暂不配置,-0.3,9.2420,8.9530,4061.8816,3959.3400,-2.5245,-3.1270,0.1562,0.5648,-0.6025,10,0,0.1360,1.7302,-6.2468,-14.5590,0.8653,-2.2537,-15.3454,1.1648,,,,,,,,,,,,,,,,,,,,,,,,,,,,,,,,,
2026-06-05,2026-06-08,消费,159928,消费ETF汇添富,consumer,medium,45,14,暂缓,暂不配置,-0.3,0.6580,0.6460,4061.8816,3959.3400,-2.5245,-1.8237,1.4595,1.8681,0.7008,5,0,0.2596,-1.6418,-10.8254,-14.7477,1.0763,-5.2821,-16.5823,1.0699,,,,,,,,,,,,,,,,,,,,,,,,,,,,,,,,,
2026-06-05,2026-06-08,计算机,159998,计算机ETF天弘,tech,high,43,15,暂缓,暂不配置,-0.3,1.0020,0.9480,4061.8816,3959.3400,-2.5245,-5.3892,-2.1060,-1.6974,-2.8647,13,1,0.0404,-4.1746,-11.1697,-3.9924,0.8384,-6.9467,-13.3791,1.9680,,,,,,,,,,,,,,,,,,,,,,,,,,,,,,,,,
2026-06-05,2026-06-08,创新药,159992,创新药ETF银华,healthcare,high,42,16,暂缓,暂不配置,-0.3,0.7280,0.7070,4061.8816,3959.3400,-2.5245,-2.8846,0.3986,0.8072,-0.3601,7,0,0.1518,-3.3378,-13.9120,-9.6130,0.9750,-7.4997,-16.8772,1.4100,,,,,,,,,,,,,,,,,,,,,,,,,,,,,,,,,
2026-06-05,2026-06-08,有色金属,512400,有色金属ETF南方,resource,medium,40,17,暂缓,暂不配置,-0.3,1.9500,1.8200,4061.8816,3959.3400,-2.5245,-6.6667,-3.3834,-2.9749,-4.1422,20,1,0.1620,-0.7634,-11.6047,-13.6021,0.8210,-4.2240,-14.4362,2.2446,,,,,,,,,,,,,,,,,,,,,,,,,,,,,,,,,
2026-06-05,2026-06-08,医疗器械,159883,医疗器械ETF永赢,healthcare,medium,40,18,暂缓,暂不配置,-0.3,0.4410,0.4280,4061.8816,3959.3400,-2.5245,-2.9478,0.3354,0.7439,-0.4234,8,0,0.1474,-4.5752,-9.3168,-12.0482,0.6737,-6.5500,-13.2673,0.9643,,,,,,,,,,,,,,,,,,,,,,,,,,,,,,,,,
2026-06-05,2026-06-08,军工,512710,军工龙头ETF富国,advanced_manufacturing,high,38,19,暂缓,暂不配置,-0.3,0.6950,0.6620,4061.8816,3959.3400,-2.5245,-4.7482,-1.4650,-1.0564,-2.2237,12,1,0.0089,-4.7222,-13.1646,-22.4859,0.9150,-7.6467,-21.9568,1.8504,,,,,,,,,,,,,,,,,,,,,,,,,,,,,,,,,
2026-06-05,2026-06-08,游戏,516010,游戏ETF国泰,media,high,38,20,暂缓,暂不配置,-0.3,1.1250,1.0900,4061.8816,3959.3400,-2.5245,-3.1111,0.1721,0.5807,-0.5866,9,0,0.1369,-3.9164,-16.9925,-21.2553,1.0799,-9.0460,-22.4174,1.5337,,,,,,,,,,,,,,,,,,,,,,,,,,,,,,,,,
2026-06-08,2026-06-09,通信,515880,通信ETF国泰,tech,medium,80,1,重点跟踪,可小幅加仓,1.0,1.6010,1.6850,3959.3400,3991.1200,0.8027,5.2467,4.1408,3.9775,4.4441,2,1,0.0132,4.5039,7.9568,45.6779,1.3702,2.2840,-6.7016,3.3011,,,,,,,,,,,,,,,,,,,,,,,,,,,,,,,,,
2026-06-08,2026-06-09,煤炭,515220,煤炭ETF国泰,resource,medium,75,2,重点跟踪,持有观察,0.3,1.3890,1.3520,3959.3400,3991.1200,0.8027,-2.6638,-3.7697,-3.9330,-3.4664,20,0,0.7993,1.4609,10.9425,12.5608,1.7688,8.8174,-2.8671,2.3889,,,,,,,,,,,,,,,,,,,,,,,,,,,,,,,,,
2026-06-08,2026-06-09,机器人,562500,机器人ETF华夏,advanced_manufacturing,high,61,3,观察,持有观察,0.3,1.1680,1.1770,3959.3400,3991.1200,0.8027,0.7705,-0.3354,-0.4987,-0.0321,10,0,0.2395,5.9891,2.3663,12.6326,0.9529,0.5813,-3.9474,1.9271,,,,,,,,,,,,,,,,,,,,,,,,,,,,,,,,,
2026-06-08,2026-06-09,创业板50,159949,创业板50ETF华安,broad_growth,high,60,4,观察,持有观察,0.3,1.8520,1.9220,3959.3400,3991.1200,0.8027,3.7797,2.6738,2.5105,2.9770,4,1,0.0874,-3.4411,-1.9068,19.4068,1.1052,-3.8472,-8.1805,2.1225,,,,,,,,,,,,,,,,,,,,,,,,,,,,,,,,,
2026-06-08,2026-06-09,芯片,159995,芯片ETF华夏,tech,high,58,5,观察,持有观察,0.3,2.2930,2.4050,3959.3400,3991.1200,0.8027,4.8844,3.7785,3.6152,4.0818,3,1,0.1225,-2.7153,-0.7789,23.6785,0.9208,-7.0437,-15.9149,3.5746,,,,,,,,,,,,,,,,,,,,,,,,,,,,,,,,,
2026-06-08,2026-06-09,人工智能,159819,人工智能ETF易方达,tech,high,58,6,观察,持有观察,0.3,1.8760,1.9410,3959.3400,3991.1200,0.8027,3.4648,2.3589,2.1956,2.6622,5,1,0.0591,-2.0877,-3.6961,19.4144,1.0269,-5.4459,-8.7105,2.6033,,,,,,,,,,,,,,,,,,,,,,,,,,,,,,,,,
2026-06-08,2026-06-09,红利低波,512890,红利低波ETF华泰柏瑞,dividend,low,56,7,轻跟踪,暂不配置,-0.3,1.1650,1.1620,3959.3400,3991.1200,0.8027,-0.2575,-1.3634,-1.5267,-1.0602,16,1,0.1244,-1.3548,-1.1036,-1.6878,1.0916,0.0343,-3.7190,0.7335,,,,,,,,,,,,,,,,,,,,,,,,,,,,,,,,,
2026-06-08,2026-06-09,银行,512800,银行ETF华宝,dividend,low,56,8,轻跟踪,暂不配置,-0.3,0.7890,0.7910,3959.3400,3991.1200,0.8027,0.2535,-0.8524,-1.0157,-0.5492,13,1,0.0659,0.5096,0.5096,1.2837,1.0348,1.6360,-2.3515,0.8445,,,,,,,,,,,,,,,,,,,,,,,,,,,,,,,,,
2026-06-08,2026-06-09,半导体,512480,半导体ETF国联安,tech,high,56,9,轻跟踪,暂不配置,-0.3,1.9950,2.1010,3959.3400,3991.1200,0.8027,5.3133,4.2074,4.0441,4.5106,1,0,0.5275,-2.4927,-1.1397,25.0784,0.8083,-6.9301,-15.0341,3.5945,,,,,,,,,,,,,,,,,,,,,,,,,,,,,,,,,
2026-06-08,2026-06-09,新能源车,515030,新能源车ETF华夏,growth,high,46,10,暂缓,暂不配置,-0.3,1.8200,1.8310,3959.3400,3991.1200,0.8027,0.6044,-0.5015,-0.6648,-0.1983,11,1,0.0176,-5.8458,-14.9533,-2.4129,1.1865,-8.6024,-17.3479,1.2300,,,,,,,,,,,,,,,,,,,,,,,,,,,,,,,,,
2026-06-08,2026-06-09,黄金,518880,黄金ETF华安,macro,medium,43,11,暂缓,暂不配置,-0.3,8.9530,9.0370,3959.3400,3991.1200,0.8027,0.9382,-0.1677,-0.3310,0.1356,8,1,0.0149,-4.1845,-8.3998,-18.2822,0.9475,-5.0759,-18.4163,1.3194,,,,,,,,,,,,,,,,,,,,,,,,,,,,,,,,,
2026-06-08,2026-06-09,消费,159928,消费ETF汇添富,consumer,medium,41,12,暂缓,暂不配置,-0.3,0.6460,0.6430,3959.3400,3991.1200,0.8027,-0.4644,-1.5703,-1.7336,-1.2671,18,1,0.0914,-6.5123,-12.2283,-16.3212,0.9604,-6.0295,-18.2278,1.0911,,,,,,,,,,,,,,,,,,,,,,,,,,,,,,,,,
2026-06-08,2026-06-09,酒,512690,酒ETF鹏华,consumer,medium,41,13,暂缓,暂不配置,-0.3,0.4250,0.4190,3959.3400,3991.1200,0.8027,-1.4118,-2.5177,-2.6810,-2.2144,19,1,0.1516,-6.7982,-10.5263,-16.3386,0.8693,-5.4715,-18.1118,1.4908,,,,,,,,,,,,,,,,,,,,,,,,,,,,,,,,,
2026-06-08,2026-06-09,有色金属,512400,有色金属ETF南方,resource,medium,37,14,暂缓,暂不配置,-0.3,1.8200,1.8290,3959.3400,3991.1200,0.8027,0.4945,-0.6114,-0.7747,-0.3082,12,1,0.0023,-6.6188,-17.5725,-20.1404,0.9398,-9.6953,-19.8591,2.4965,,,,,,,,,,,,,,,,,,,,,,,,,,,,,,,,,
2026-06-08,2026-06-09,医疗器械,159883,医疗器械ETF永赢,healthcare,medium,37,15,暂缓,暂不配置,-0.3,0.4280,0.4270,3959.3400,3991.1200,0.8027,-0.2336,-1.3396,-1.5029,-1.0363,15,1,0.0054,-6.3457,-13.3603,-14.7410,0.7359,-7.5294,-15.2475,0.8886,,,,,,,,,,,,,,,,,,,,,,,,,,,,,,,,,
2026-06-08,2026-06-09,光伏,515790,光伏ETF华泰柏瑞,growth,high,37,16,暂缓,暂不配置,-0.3,0.9870,1.0070,3959.3400,3991.1200,0.8027,2.0263,0.9204,0.7571,1.2237,6,0,0.1971,-7.4109,-12.1104,-15.0602,0.7118,-9.8260,-16.5680,1.9512,,,,,,,,,,,,,,,,,,,,,,,,,,,,,,,,,
2026-06-08,2026-06-09,游戏,516010,游戏ETF国泰,media,high,37,17,暂缓,暂不配置,-0.3,1.0900,1.1000,3959.3400,3991.1200,0.8027,0.9174,-0.1885,-0.3518,0.1148,9,1,0.0141,-5.9534,-17.7979,-23.4013,1.0017,-8.4572,-22.8592,1.5800,,,,,,,,,,,,,,,,,,,,,,,,,,,,,,,,,
2026-06-08,2026-06-09,创新药,159992,创新药ETF银华,healthcare,high,36,18,暂缓,暂不配置,-0.3,0.7070,0.7050,3959.3400,3991.1200,0.8027,-0.2829,-1.3888,-1.5521,-1.0855,17,1,0.0066,-6.6050,-16.5289,-13.0381,0.8272,-8.2593,-18.8289,1.2140,,,,,,,,,,,,,,,,,,,,,,,,,,,,,,,,,
2026-06-08,2026-06-09,军工,512710,军工龙头ETF富国,advanced_manufacturing,high,35,19,暂缓,暂不配置,-0.3,0.6620,0.6620,3959.3400,3991.1200,0.8027,0.0000,-1.1059,-1.2692,-0.8027,14,1,0.0012,-3.7791,-19.5626,-24.6871,0.8960,-9.1408,-23.2908,1.7725,,,,,,,,,,,,,,,,,,,,,,,,,,,,,,,,,
2026-06-08,2026-06-09,计算机,159998,计算机ETF天弘,tech,high,34,20,暂缓,暂不配置,-0.3,0.9480,0.9670,3959.3400,3991.1200,0.8027,2.0042,0.8983,0.7350,1.2016,7,0,0.1948,-7.6923,-18.2053,-12.3845,0.7131,-11.1528,-18.6964,2.0381,,,,,,,,,,,,,,,,,,,,,,,,,,,,,,,,,
2026-06-09,2026-06-10,煤炭,515220,煤炭ETF国泰,resource,medium,75,1,重点跟踪,可小幅加仓,1.0,1.3520,1.3050,3991.1200,3993.2258,0.0528,-3.4763,-2.9974,-2.7111,-3.5291,19,0,1.6453,0.4454,9.2010,6.7035,1.6099,5.5259,-5.3846,2.4634,,,,,,,,,,,,,,,,,,,,,,,,,,,,,,,,,
2026-06-09,2026-06-10,通信,515880,通信ETF国泰,tech,medium,75,2,重点跟踪,可小幅加仓,1.0,1.6850,1.6300,3991.1200,3993.2258,0.0528,-3.2641,-2.7851,-2.4988,-3.3169,17,0,1.5300,3.1193,12.3251,52.8558,1.2814,7.0816,-1.7483,3.4658,,,,,,,,,,,,,,,,,,,,,,,,,,,,,,,,,
2026-06-09,2026-06-10,创业板50,159949,创业板50ETF华安,broad_growth,high,65,3,观察,持有观察,0.3,1.9220,1.8720,3991.1200,3993.2258,0.0528,-2.6015,-2.1225,-1.8362,-2.6542,16,0,0.5629,-2.9293,1.8548,22.0317,1.0375,-0.3034,-4.7100,2.2827,,,,,,,,,,,,,,,,,,,,,,,,,,,,,,,,,
2026-06-09,2026-06-10,人工智能,159819,人工智能ETF易方达,tech,high,62,4,观察,持有观察,0.3,1.9410,1.9010,3991.1200,3993.2258,0.0528,-2.0608,-1.5818,-1.2955,-2.1136,15,0,0.4377,-1.4721,-0.9694,24.8232,0.9445,-2.1229,-5.5474,2.7170,,,,,,,,,,,,,,,,,,,,,,,,,,,,,,,,,
2026-06-09,2026-06-10,机器人,562500,机器人ETF华夏,advanced_manufacturing,high,61,5,观察,持有观察,0.3,1.1770,1.1320,3991.1200,3993.2258,0.0528,-3.8233,-3.3443,-3.0580,-3.8760,20,0,0.7946,5.9891,2.3663,12.6326,0.9704,0.5813,-3.9474,1.9271,,,,,,,,,,,,,,,,,,,,,,,,,,,,,,,,,
2026-06-09,2026-06-10,银行,512800,银行ETF华宝,dividend,low,58,6,观察,持有观察,0.3,0.7910,0.8060,3991.1200,3993.2258,0.0528,1.8963,2.3753,2.6616,1.8436,2,1,0.0605,0.1266,1.1509,0.6361,1.0877,1.8346,-2.1040,0.8404,,,,,,,,,,,,,,,,,,,,,,,,,,,,,,,,,
2026-06-09,2026-06-10,芯片,159995,芯片ETF华夏,tech,high,58,7,观察,持有观察,0.3,2.4050,2.3870,3991.1200,3993.2258,0.0528,-0.7484,-0.2695,0.0168,-0.8012,11,0,0.1956,-2.7153,-0.7789,23.6785,0.9415,-7.0437,-15.9149,3.5746,,,,,,,,,,,,,,,,,,,,,,,,,,,,,,,,,
2026-06-09,2026-06-10,半导体,512480,半导体ETF国联安,tech,high,57,8,轻跟踪,暂不配置,-0.3,2.1010,2.1000,3991.1200,3993.2258,0.0528,-0.0476,0.4314,0.7177,-0.1004,7,0,0.1542,-2.4927,-1.1397,25.0784,0.8230,-6.9301,-15.0341,3.5945,,,,,,,,,,,,,,,,,,,,,,,,,,,,,,,,,
2026-06-09,2026-06-10,红利低波,512890,红利低波ETF华泰柏瑞,dividend,low,54,9,轻跟踪,暂不配置,-0.3,1.1620,1.1720,3991.1200,3993.2258,0.0528,0.8606,1.3395,1.6258,0.8078,5,0,0.2443,-1.6920,-1.1905,-2.8428,1.0091,-0.1632,-3.9669,0.7344,,,,,,,,,,,,,,,,,,,,,,,,,,,,,,,,,
2026-06-09,2026-06-10,新能源车,515030,新能源车ETF华夏,growth,high,47,10,暂缓,暂不配置,-0.3,1.8310,1.8270,3991.1200,3993.2258,0.0528,-0.2185,0.2605,0.5468,-0.2712,8,0,0.1424,-5.8458,-14.9533,-2.4129,1.2489,-8.6024,-17.3479,1.2300,,,,,,,,,,,,,,,,,,,,,,,,,,,,,,,,,
2026-06-09,2026-06-10,黄金,518880,黄金ETF华安,macro,medium,44,11,暂缓,暂不配置,-0.3,9.0370,8.7360,3991.1200,3993.2258,0.0528,-3.3308,-2.8518,-2.5655,-3.3835,18,1,0.1979,-4.1845,-8.3998,-18.2822,0.9709,-5.0759,-18.4163,1.3194,,,,,,,,,,,,,,,,,,,,,,,,,,,,,,,,,
2026-06-09,2026-06-10,消费,159928,消费ETF汇添富,consumer,medium,42,12,暂缓,暂不配置,-0.3,0.6430,0.6500,3991.1200,3993.2258,0.0528,1.0886,1.5676,1.8539,1.0359,4,0,0.2741,-6.5123,-12.2283,-16.3212,0.9923,-6.0295,-18.2278,1.0911,,,,,,,,,,,,,,,,,,,,,,,,,,,,,,,,,
2026-06-09,2026-06-10,酒,512690,酒ETF鹏华,consumer,medium,42,13,暂缓,暂不配置,-0.3,0.4190,0.4260,3991.1200,3993.2258,0.0528,1.6706,2.1496,2.4359,1.6179,3,0,0.3633,-6.7982,-10.5263,-16.3386,0.8932,-5.4715,-18.1118,1.4908,,,,,,,,,,,,,,,,,,,,,,,,,,,,,,,,,
2026-06-09,2026-06-10,医疗器械,159883,医疗器械ETF永赢,healthcare,medium,38,14,暂缓,暂不配置,-0.3,0.4270,0.4260,3991.1200,3993.2258,0.0528,-0.2342,0.2448,0.5311,-0.2870,9,0,0.1414,-6.3457,-13.3603,-14.7410,0.7783,-7.5294,-15.2475,0.8886,,,,,,,,,,,,,,,,,,,,,,,,,,,,,,,,,
2026-06-09,2026-06-10,光伏,515790,光伏ETF华泰柏瑞,growth,high,38,15,暂缓,暂不配置,-0.3,1.0070,1.0010,3991.1200,3993.2258,0.0528,-0.5958,-0.1169,0.1694,-0.6486,10,1,0.0170,-7.4109,-12.1104,-15.0602,0.7485,-9.8260,-16.5680,1.9512,,,,,,,,,,,,,,,,,,,,,,,,,,,,,,,,,
2026-06-09,2026-06-10,有色金属,512400,有色金属ETF南方,resource,medium,37,16,暂缓,暂不配置,-0.3,1.8290,1.8430,3991.1200,3993.2258,0.0528,0.7654,1.2444,1.5307,0.7127,6,0,0.2327,-6.6188,-17.5725,-20.1404,0.9760,-9.6953,-19.8591,2.4965,,,,,,,,,,,,,,,,,,,,,,,,,,,,,,,,,
2026-06-09,2026-06-10,计算机,159998,计算机ETF天弘,tech,high,37,17,暂缓,暂不配置,-0.3,0.9670,0.9570,3991.1200,3993.2258,0.0528,-1.0341,-0.5552,-0.2689,-1.0869,12,1,0.0033,-5.7505,-14.1970,-10.0465,0.7231,-8.6874,-17.0669,2.0936,,,,,,,,,,,,,,,,,,,,,,,,,,,,,,,,,
2026-06-09,2026-06-10,创新药,159992,创新药ETF银华,healthcare,high,37,18,暂缓,暂不配置,-0.3,0.7050,0.7210,3991.1200,3993.2258,0.0528,2.2695,2.7485,3.0348,2.2167,1,0,0.4748,-5.4960,-16.1712,-12.6394,0.8230,-7.7044,-19.0586,1.2207,,,,,,,,,,,,,,,,,,,,,,,,,,,,,,,,,
2026-06-09,2026-06-10,军工,512710,军工龙头ETF富国,advanced_manufacturing,high,36,19,暂缓,暂不配置,-0.3,0.6620,0.6550,3991.1200,3993.2258,0.0528,-1.0574,-0.5784,-0.2921,-1.1102,13,1,0.0029,-3.7791,-19.5626,-24.6871,0.9633,-9.1408,-23.2908,1.7725,,,,,,,,,,,,,,,,,,,,,,,,,,,,,,,,,
2026-06-09,2026-06-10,游戏,516010,游戏ETF国泰,media,high,36,20,暂缓,暂不配置,-0.3,1.1000,1.0850,3991.1200,3993.2258,0.0528,-1.3636,-0.8847,-0.5984,-1.4164,14,1,0.0000,-2.3091,-15.5146,-22.1515,0.9281,-6.8270,-20.9770,1.6183,,,,,,,,,,,,,,,,,,,,,,,,,,,,,,,,,
2026-06-10,,通信,515880,通信ETF国泰,tech,medium,77,1,重点跟踪,可小幅加仓,1.0,1.6300,,3993.2258,,,,,,,,,,-5.0117,4.6885,49.8162,1.2002,3.2560,-5.0117,3.5627,,,,,,,,,,,,,,,,,,,,,,,,,,,,,,,,,
2026-06-10,,煤炭,515220,煤炭ETF国泰,resource,medium,65,2,观察,持有观察,0.3,1.3050,,3993.2258,,,,,,,,,,-6.7857,6.2704,-2.2472,1.3580,1.4498,-8.7413,2.6145,,,,,,,,,,,,,,,,,,,,,,,,,,,,,,,,,
2026-06-10,,银行,512800,银行ETF华宝,dividend,low,62,3,观察,持有观察,0.3,0.8060,,3993.2258,,,,,,,,,,2.9374,3.3333,1.6393,1.2509,3.5857,-0.2475,0.9157,,,,,,,,,,,,,,,,,,,,,,,,,,,,,,,,,
2026-06-10,,芯片,159995,芯片ETF华夏,tech,high,60,4,观察,持有观察,0.3,2.3870,,3993.2258,,,,,,,,,,-3.8663,0.1258,31.6602,0.8367,-3.4033,-12.4679,3.7133,,,,,,,,,,,,,,,,,,,,,,,,,,,,,,,,,
2026-06-10,,创业板50,159949,创业板50ETF华安,broad_growth,high,60,5,观察,持有观察,0.3,1.8720,,3993.2258,,,,,,,,,,-7.1889,-3.7037,20.0770,1.0287,-2.7330,-7.1889,2.3084,,,,,,,,,,,,,,,,,,,,,,,,,,,,,,,,,
2026-06-10,,半导体,512480,半导体ETF国联安,tech,high,59,6,观察,持有观察,0.3,2.1000,,3993.2258,,,,,,,,,,-2.3256,0.5747,35.0482,0.7551,-2.2506,-10.5622,3.7500,,,,,,,,,,,,,,,,,,,,,,,,,,,,,,,,,
2026-06-10,,机器人,562500,机器人ETF华夏,advanced_manufacturing,high,59,7,观察,持有观察,0.3,1.1320,,3993.2258,,,,,,,,,,0.4437,-2.0761,10.6549,1.0239,-2.6237,-6.9079,2.0623,,,,,,,,,,,,,,,,,,,,,,,,,,,,,,,,,
2026-06-10,,人工智能,159819,人工智能ETF易方达,tech,high,57,8,轻跟踪,暂不配置,-0.3,1.9010,,3993.2258,,,,,,,,,,-6.7223,-6.4929,23.6021,0.8505,-3.8175,-7.4939,2.6042,,,,,,,,,,,,,,,,,,,,,,,,,,,,,,,,,
2026-06-10,,红利低波,512890,红利低波ETF华泰柏瑞,dividend,low,55,9,轻跟踪,暂不配置,-0.3,1.1720,,3993.2258,,,,,,,,,,-0.0853,-0.4248,-2.4958,1.0271,0.7089,-3.1405,0.7501,,,,,,,,,,,,,,,,,,,,,,,,,,,,,,,,,
2026-06-10,,新能源车,515030,新能源车ETF华夏,growth,high,48,10,暂缓,暂不配置,-0.3,1.8270,,3993.2258,,,,,,,,,,-4.9428,-13.1241,-4.1951,1.2356,-7.0655,-17.0300,1.4693,,,,,,,,,,,,,,,,,,,,,,,,,,,,,,,,,
2026-06-10,,黄金,518880,黄金ETF华安,macro,medium,43,11,暂缓,暂不配置,-0.3,8.7360,,3993.2258,,,,,,,,,,-5.8722,-10.8935,-20.1317,1.0605,-6.4498,-19.1261,1.4366,,,,,,,,,,,,,,,,,,,,,,,,,,,,,,,,,
2026-06-10,,消费,159928,消费ETF汇添富,consumer,medium,42,12,暂缓,暂不配置,-0.3,0.6500,,3993.2258,,,,,,,,,,-2.9851,-9.5967,-16.5597,0.8604,-4.4047,-17.7215,1.1228,,,,,,,,,,,,,,,,,,,,,,,,,,,,,,,,,
2026-06-10,,酒,512690,酒ETF鹏华,consumer,medium,42,13,暂缓,暂不配置,-0.3,0.4260,,3993.2258,,,,,,,,,,-4.0541,-7.7922,-15.8103,0.8224,-4.3556,-17.9191,1.5122,,,,,,,,,,,,,,,,,,,,,,,,,,,,,,,,,
2026-06-10,,创新药,159992,创新药ETF银华,healthcare,high,41,14,暂缓,暂不配置,-0.3,0.7210,,3993.2258,,,,,,,,,,-1.6371,-13.0277,-9.8750,0.8967,-4.9628,-17.2216,1.3485,,,,,,,,,,,,,,,,,,,,,,,,,,,,,,,,,
2026-06-10,,医疗器械,159883,医疗器械ETF永赢,healthcare,medium,39,15,暂缓,暂不配置,-0.3,0.4260,,3993.2258,,,,,,,,,,-4.4843,-12.7049,-14.9701,0.7912,-6.7323,-15.1394,0.8823,,,,,,,,,,,,,,,,,,,,,,,,,,,,,,,,,
2026-06-10,,有色金属,512400,有色金属ETF南方,resource,medium,37,16,暂缓,暂不配置,-0.3,1.8430,,3993.2258,,,,,,,,,,-9.3012,-16.5686,-18.2343,0.9340,-6.9732,-16.5686,2.5917,,,,,,,,,,,,,,,,,,,,,,,,,,,,,,,,,
2026-06-10,,光伏,515790,光伏ETF华泰柏瑞,growth,high,37,17,暂缓,暂不配置,-0.3,1.0010,,3993.2258,,,,,,,,,,-6.0094,-12.6527,-15.3846,0.7479,-7.4776,-14.0034,1.9991,,,,,,,,,,,,,,,,,,,,,,,,,,,,,,,,,
2026-06-10,,游戏,516010,游戏ETF国泰,media,high,37,18,暂缓,暂不配置,-0.3,1.0850,,3993.2258,,,,,,,,,,-2.9517,-17.5532,-22.0546,1.0066,-7.1936,-21.0335,1.5682,,,,,,,,,,,,,,,,,,,,,,,,,,,,,,,,,
2026-06-10,,计算机,159998,计算机ETF天弘,tech,high,36,19,暂缓,暂不配置,-0.3,0.9570,,3993.2258,,,,,,,,,,-6.3601,-17.9245,-10.8939,0.8050,-8.7355,-17.9245,1.8675,,,,,,,,,,,,,,,,,,,,,,,,,,,,,,,,,
2026-06-10,,军工,512710,军工龙头ETF富国,advanced_manufacturing,high,35,20,暂缓,暂不配置,-0.3,0.6550,,3993.2258,,,,,,,,,,-4.5190,-19.5332,-22.3013,0.8480,-8.1990,-20.4131,1.7888,,,,,,,,,,,,,,,,,,,,,,,,,,,,,,,,,
